status,dur_month,age,sex,dm,who,gcs,nihss,mrs
0,21.56712329,52,1,0,1,1,3,4
0,21.23835616,73,1,1,1,1,3,2
1,4.536986301,64,1,1,1,1,3,5
0,6.838356164,58,1,1,1,1,3,4
0,6.805479452,64,1,0,1,1,2,1
1,1.183561644,64,0,1,1,2,2,2
0,6.476712329,66,1,1,1,1,2,2
0,6.312328767,52,1,0,1,1,3,4
0,6.509589041,76,1,0,1,1,2,2
0,13.24931507,45,1,1,1,1,2,1
0,13.44657534,56,1,0,2,2,3,5
0,13.08493151,44,1,0,1,1,3,4
1,0.164383562,74,0,1,1,2,5,5
0,12.98630137,48,0,0,1,1,3,3
1,0.098630137,64,1,1,1,2,4,4
0,12.32876712,53,1,0,1,1,2,2
1,0.263013699,48,1,1,2,1,4,4
0,12.39452055,50,0,1,1,1,2,4
1,4.142465753,58,0,1,1,1,3,4
0,12.06575342,47,1,0,2,2,4,5
0,12.19726027,69,1,0,2,1,3,5
0,12,65,0,0,2,1,3,4
0,12,46,1,0,1,1,2,4
1,3.38630137,72,0,1,1,1,3,5
1,1.479452055,44,0,1,1,1,3,4
0,12.62465753,59,0,1,1,1,3,4
0,12.69041096,38,1,0,1,1,3,2
0,12.72328767,32,0,1,1,1,4,5
0,12.49315068,69,1,0,1,1,2,4
1,14.9260274,73,1,1,1,1,2,1
0,15.02465753,62,0,0,1,3,5,5
0,15.28767123,56,0,0,1,1,2,4
1,0.230136986,68,0,0,1,2,2,2
0,15.41917808,69,0,0,2,1,3,2
1,0.131506849,79,0,0,1,3,4,5
0,15.48493151,57,0,1,1,1,2,1
0,15.51780822,42,0,0,1,1,2,1
1,5.884931507,54,0,1,1,2,4,4
0,14.20273973,62,1,1,1,2,5,5
0,14.4,64,1,1,1,1,2,1
1,11.86849315,58,1,1,1,1,2,1
0,14.59726027,57,1,1,1,1,2,0
0,14.6630137,52,1,1,1,1,1,1
0,16.07671233,55,1,0,1,1,2,4
0,16.10958904,42,0,1,2,1,3,4
1,5.260273973,69,1,1,1,1,3,4
0,16.0109589,62,1,1,1,1,2,4
0,16.04383562,51,1,0,1,1,2,2
1,4.767123288,81,0,0,1,2,5,4
0,16.0109589,59,1,0,1,1,2,3
1,10.06027397,83,0,1,1,2,3,4
1,9.895890411,60,1,1,1,1,3,4
1,0.197260274,79,0,1,1,1,3,4
0,16.96438356,57,0,0,1,1,2,3
0,13.97260274,80,1,0,1,1,2,1
0,16.30684932,57,1,0,1,1,2,1
0,16.33972603,49,0,0,1,1,2,4
0,16.47123288,83,1,1,2,1,3,2
0,16.70136986,51,0,0,1,1,2,2
1,15.05753425,56,0,1,1,1,3,1
1,2.169863014,63,1,1,1,1,3,4
1,1.742465753,67,0,1,1,1,3,4
0,17.35890411,62,1,1,1,1,4,3
1,10.3890411,58,1,1,1,1,2,2
0,17.35890411,57,1,1,1,1,3,3
1,0.295890411,83,0,0,1,2,4,5
0,17.85205479,56,1,1,1,1,2,2
0,17.81917808,56,0,0,1,1,2,4
0,17.81917808,61,1,1,1,1,3,4
1,7.134246575,80,1,1,1,1,2,4
0,17.68767123,66,0,1,1,1,3,3
0,53.16164384,59,1,1,1,1,2,2
1,13.67671233,83,1,0,1,1,3,4
0,53.26027397,52,1,1,1,1,2,2
1,52.70136986,67,0,1,1,2,5,5
1,0.789041096,95,0,0,1,2,3,3
1,0.394520548,78,0,0,1,1,4,5
0,53.39178082,56,1,0,1,1,3,4
1,0.460273973,63,1,1,1,1,3,4
0,53.42465753,86,0,0,1,1,2,1
1,15.51780822,77,1,1,1,2,5,2
1,2.136986301,30,1,0,1,1,2,1
1,0.065753425,71,0,1,1,2,5,5
0,53.62191781,41,1,0,2,1,2,3
0,53.52328767,72,1,0,1,1,2,1
1,0.42739726,85,1,0,1,2,5,4
0,53.55616438,79,1,0,1,1,3,2
1,1.479452055,75,0,1,1,1,2,3
1,6.575342466,84,0,0,1,2,4,4
1,0.591780822,72,1,0,1,1,2,3
0,53.68767123,63,1,1,1,1,3,1
0,53.81917808,41,1,1,1,1,4,4
0,53.72054795,48,1,0,1,1,3,3
1,0.164383562,93,1,0,2,2,5,5
0,53.81917808,77,0,1,1,1,4,4
1,0.098630137,84,0,0,1,2,5,4
1,0.131506849,80,0,0,1,2,5,4
0,53.91780822,45,0,0,1,1,2,2
0,53.91780822,74,1,0,1,1,2,4
1,15.58356164,87,1,0,1,1,3,2
1,14.16986301,73,0,0,1,1,3,4
0,18.6739726,73,0,0,1,1,3,4
0,18.50958904,41,0,1,1,1,3,3
1,14.33424658,75,1,1,1,1,3,5
0,18.70684932,54,1,1,1,1,2,3
0,19.36438356,27,0,0,1,1,3,2
0,18.54246575,73,0,1,2,1,3,5
0,18.57534247,43,1,0,2,1,4,5
0,19.43013699,62,1,1,1,2,3,4
0,18.27945205,67,1,0,1,1,3,2
1,0.460273973,80,1,1,1,1,4,5
0,51.94520548,77,1,1,1,1,3,5
0,18.47671233,66,1,0,1,1,3,4
1,50.26849315,72,0,1,1,1,2,4
0,18.54246575,43,0,0,1,1,2,2
0,18.57534247,48,1,1,2,2,3,4
0,18.31232877,75,1,1,1,1,3,3
0,18.37808219,74,1,0,1,1,2,4
0,18.14794521,79,1,0,1,1,3,2
0,18.11506849,52,1,0,1,2,2,1
1,0.55890411,92,0,0,1,3,4,4
0,19.10136986,50,0,0,1,1,2,0
0,19.69315068,59,0,0,2,1,3,4
0,18.83835616,65,1,1,1,1,3,5
0,18.54246575,73,0,1,1,1,2,3
0,18.73972603,46,0,0,1,1,2,0
0,18.77260274,71,0,1,1,1,3,5
0,19.33150685,63,0,1,1,1,2,2
1,6.575342466,77,0,1,1,2,5,5
0,19.00273973,62,1,1,1,1,3,5
0,19.06849315,54,1,1,1,3,3,3
1,18.34520548,93,1,1,1,1,2,5
0,19.52876712,62,0,1,1,1,2,0
0,19.69315068,60,1,0,1,1,2,3
0,19.49589041,58,1,1,1,1,2,1
1,0.295890411,56,1,0,1,2,5,4
0,28.43835616,67,1,1,1,1,2,2
0,28.63561644,53,1,0,1,1,3,4
1,0.065753425,80,0,1,2,2,5,5
1,0.197260274,78,1,0,1,1,3,5
0,29.22739726,67,1,0,1,1,2,3
0,28.0109589,50,0,0,2,1,4,4
0,29.19452055,55,1,0,1,1,3,3
0,28.04383562,57,0,1,1,1,3,4
1,4.175342466,53,1,1,1,1,4,4
0,27.81369863,60,1,0,1,1,2,1
1,0.591780822,69,0,1,1,1,3,5
1,24.92054795,78,0,1,1,1,4,4
1,0.295890411,81,0,0,2,2,3,4
0,20.97534247,60,1,1,1,1,2,2
0,20.84383562,73,1,1,1,1,2,2
0,20.61369863,63,1,0,1,1,3,2
0,20.44931507,60,1,0,1,1,3,4
0,20.41643836,49,0,1,1,1,2,2
0,20.28493151,35,1,0,1,1,2,1
0,20.38356164,66,0,0,1,1,2,1
0,23.2109589,81,0,1,1,1,3,4
0,23.80273973,24,0,0,1,2,3,2
0,23.24383562,56,1,0,2,1,2,1
1,16.56986301,74,1,0,1,1,3,2
1,7.660273973,63,1,0,1,2,3,2
1,0.460273973,58,1,0,1,1,2,3
0,20.15342466,31,1,1,2,1,2,3
0,20.21917808,49,1,0,1,1,2,1
0,20.94246575,53,1,0,1,2,4,4
0,19.43013699,67,0,1,1,1,3,4
0,19.39726027,40,0,0,2,1,2,3
0,20.15342466,73,0,0,1,1,2,1
0,23.17808219,65,0,0,1,1,2,1
1,1.479452055,59,0,0,1,2,2,4
0,29.3260274,68,1,1,1,1,2,1
1,16.89863014,74,1,0,1,1,3,4
0,23.30958904,48,1,0,1,2,3,5
0,23.14520548,84,0,1,1,1,2,1
1,2.498630137,72,0,0,2,1,5,4
0,23.2109589,63,0,1,1,1,3,4
0,23.30958904,50,1,0,1,1,2,1
0,23.4739726,76,1,1,1,1,2,3
0,19.92328767,84,0,0,1,1,2,3
0,24.32876712,50,0,1,1,1,2,1
0,24.75616438,56,1,1,1,1,2,1
0,24.88767123,58,1,1,1,1,2,1
1,13.08493151,60,0,1,1,1,3,4
0,24,65,1,0,1,1,2,0
0,23.40821918,61,0,1,1,1,2,2
0,23.67123288,76,1,0,1,1,2,1
0,26.07123288,60,0,0,1,1,2,3
1,7.660273973,54,0,1,1,1,2,2
0,23.80273973,50,1,1,1,1,2,0
0,22.91506849,70,1,1,1,1,3,3
0,17.91780822,64,1,0,1,1,1,2
1,0.624657534,79,1,1,1,1,3,4
0,17.85205479,67,1,1,1,1,2,2
1,7.660273973,92,0,1,1,1,1,5
1,14.72876712,42,1,1,1,1,3,4
1,0.098630137,70,1,0,2,3,4,6
0,17.78630137,36,0,0,1,1,2,1
0,17.78630137,76,1,0,1,1,2,1
0,17.72054795,86,0,0,1,1,2,4
0,17.75342466,81,1,1,1,1,2,3
1,15.09041096,62,1,0,1,1,3,0
0,17.62191781,44,1,0,1,1,2,1
0,17.62191781,51,0,1,1,1,2,1
0,17.5890411,65,1,1,1,1,2,2
0,17.55616438,83,0,1,1,1,2,1
0,17.55616438,55,0,0,1,1,2,1
0,17.52328767,52,1,0,2,1,4,4
0,17.42465753,73,1,0,1,1,2,2
0,17.42465753,62,1,0,1,1,2,2
0,17.39178082,73,1,0,1,1,2,2
0,17.42465753,52,1,0,1,1,3,3
0,17.39178082,57,1,1,1,1,2,1
0,17.3260274,40,1,1,1,1,2,1
0,17.29315068,62,1,1,1,1,1,1
0,17.12876712,92,1,1,1,1,2,1
0,17.09589041,68,1,0,1,1,1,2
0,17.0630137,73,1,0,1,1,1,1
1,14.26849315,35,1,0,1,1,1,4
0,16.89863014,75,0,0,1,1,1,2
0,16.83287671,82,1,0,1,1,1,1
0,16.70136986,54,0,0,1,1,1,4
0,16.66849315,71,1,0,1,1,1,1
0,16.63561644,38,1,0,1,1,1,4
0,16.5369863,55,1,0,1,1,1,1
0,16.43835616,69,1,0,1,1,1,2
0,16.20821918,60,1,1,1,1,2,3
1,2.301369863,79,1,1,2,2,3,5
0,16.33972603,54,1,1,2,2,5,4
1,12.16438356,70,1,0,1,1,3,3
1,1.610958904,84,0,1,1,1,1,5
0,16.8,53,1,0,2,1,2,2
0,16.96438356,62,1,0,1,1,2,1
0,16.24109589,60,0,1,1,1,1,2
1,0.032876712,72,1,0,1,2,1,6
0,16.56986301,48,0,0,1,1,2,2
0,16.63561644,74,0,1,1,1,3,4
0,16.07671233,76,1,1,2,2,1,5
0,16.2739726,74,1,0,1,1,2,2
0,16.24109589,82,0,0,1,2,5,3
0,16.20821918,70,0,0,1,1,2,1
1,11.50684932,62,1,0,1,1,2,2
1,0.42739726,71,1,0,1,3,5,6
0,16.2739726,70,1,0,1,1,2,1
1,2.038356164,66,1,1,1,2,3,3
0,16.47123288,70,1,1,1,1,2,1
0,16.43835616,62,1,0,1,1,2,1
1,0.723287671,78,0,0,1,2,5,4
0,16.63561644,74,0,0,1,1,2,1
1,0.131506849,76,0,1,1,3,1,6
0,16.60273973,40,1,1,1,1,4,4
1,3.550684932,80,0,1,1,2,5,5
0,16.63561644,54,1,0,1,1,2,3
0,16.14246575,56,1,0,2,1,1,4
0,16.43835616,76,1,1,1,1,2,1
0,16.96438356,45,1,0,1,1,2,1
0,16.89863014,68,0,0,1,1,3,4
0,16.63561644,55,1,0,1,1,3,2
0,16.04383562,65,0,0,1,1,2,2
0,16.8,54,1,0,2,1,1,2
0,16.76712329,70,1,0,3,1,1,6
0,16.73424658,62,1,0,1,1,1,6
0,16.66849315,72,0,1,1,1,1,6
0,16.63561644,65,1,1,1,1,1,6
0,16.43835616,64,0,1,1,1,1,6
0,16.40547945,49,0,0,1,1,1,6
0,16.37260274,45,1,0,1,1,1,1
0,16.33972603,86,0,0,1,1,1,4
0,16.30684932,79,1,0,1,1,1,2
1,4.37260274,88,0,0,1,1,1,1
0,16.2739726,31,0,0,1,1,1,4
0,16.24109589,51,1,0,1,1,1,4
0,16.20821918,56,1,0,1,1,1,2
0,16.17534247,55,1,0,1,1,1,2
0,15.51780822,83,1,1,1,1,2,1
1,5.063013699,62,1,1,1,3,4,1
0,15.87945205,71,1,0,1,1,2,1
0,15.91232877,73,1,0,1,1,3,3
1,1.610958904,86,1,0,1,1,3,4
0,15.91232877,73,1,0,1,1,2,1
0,15.97808219,64,1,1,1,1,2,0
0,15.41917808,70,1,1,1,1,3,4
0,15.91232877,77,0,1,1,1,1,2
0,15.91232877,58,1,0,1,1,2,3
0,15.97808219,58,1,0,2,1,5,4
0,15.68219178,76,1,1,1,1,1,2
0,15.71506849,72,1,0,1,1,2,1
1,12.29589041,71,1,1,1,1,3,4
0,15.51780822,78,1,1,1,1,1,1
0,15.51780822,48,1,0,1,1,2,1
0,15.48493151,61,0,0,1,1,2,1
1,0.065753425,67,0,1,3,1,3,6
1,0.131506849,50,0,1,2,3,1,6
0,15.22191781,50,0,0,1,1,2,4
0,15.25479452,70,0,0,1,1,2,4
1,0.460273973,69,0,1,1,1,3,4
0,15.09041096,71,1,0,1,1,1,1
0,15.09041096,65,1,0,1,1,2,5
1,3.846575342,84,1,1,1,1,2,1
0,15.02465753,40,1,0,1,1,2,1
0,15.02465753,69,1,1,1,1,3,4
0,15.35342466,51,1,0,1,2,3,0
0,15.41917808,64,1,1,3,1,1,2
0,15.58356164,47,1,1,1,1,1,2
1,1.052054795,57,1,0,2,1,1,4
0,15.61643836,47,0,0,1,1,2,4
1,14.36712329,83,0,0,1,1,3,4
0,14.43287671,54,0,1,2,1,3,4
0,15.97808219,58,0,1,1,2,4,5
0,15.97808219,63,1,0,1,1,2,3
1,0.131506849,84,0,1,2,2,5,5
1,0.42739726,46,1,1,1,1,2,6
0,15.05753425,62,1,0,1,1,2,4
1,0.098630137,73,1,1,2,3,1,5
0,16.0109589,49,0,1,1,1,2,1
0,15.45205479,29,0,0,1,2,3,2
0,15.02465753,55,1,1,1,1,2,1
0,15.02465753,65,0,1,1,1,1,2
0,14.89315068,46,1,1,1,2,4,4
0,14.76164384,68,0,0,1,1,2,0
0,17.98356164,79,0,0,1,1,2,2
0,18.11506849,69,0,1,1,1,2,5
0,17.85205479,84,1,1,1,1,2,1
0,17.81917808,47,1,0,1,1,3,3
0,18.04931507,37,0,0,2,2,4,2
0,17.81917808,67,1,0,1,1,2,2
0,17.88493151,56,1,1,1,1,3,3
0,17.85205479,54,1,1,1,1,2,1
0,17.72054795,55,1,1,1,1,2,1
0,18.27945205,52,1,1,1,2,4,4
0,17.62191781,85,1,0,1,1,3,3
1,8.087671233,73,0,1,1,1,3,5
1,4.504109589,71,0,1,1,3,4,5
0,17.65479452,55,0,1,1,1,2,1
0,17.62191781,56,0,1,1,1,2,1
0,17.68767123,77,0,0,1,1,2,3
0,17.72054795,65,1,1,1,1,2,1
0,17.78630137,72,0,1,1,1,3,4
1,5.753424658,80,0,1,1,1,2,3
1,5.35890411,91,0,0,1,1,2,3
0,17.5890411,62,1,1,1,1,3,4
1,0.032876712,77,1,1,1,3,4,6
0,17.42465753,44,1,0,1,1,2,1
0,17.42465753,65,1,0,1,1,1,1
0,17.26027397,55,0,1,1,1,3,4
1,0.098630137,49,0,1,2,3,1,6
0,17.39178082,67,1,1,1,2,2,4
1,2.695890411,83,1,1,1,2,3,5
0,17.12876712,66,0,1,1,1,2,2
0,17.22739726,47,0,1,1,1,3,4
0,16.93150685,65,1,1,1,1,2,1
0,17.3260274,59,1,1,1,2,4,5
0,16.89863014,75,1,0,1,1,2,1
0,16.93150685,64,0,1,1,1,2,1
0,16.96438356,65,0,0,1,1,3,5
0,16.96438356,55,1,0,1,1,3,2
1,11.27671233,71,1,0,1,1,3,4
1,0.263013699,35,0,1,1,2,2,6
0,16.83287671,62,1,0,1,1,2,2
0,16.73424658,60,1,0,1,1,2,0
1,0.526027397,69,0,1,1,2,5,5
0,16.99726027,51,1,0,1,1,3,4
1,9.435616438,79,0,1,1,1,3,5
0,16.99726027,68,1,1,1,1,3,4
0,16.8,62,1,1,1,1,3,5
0,17.19452055,57,0,1,1,2,2,4
0,16.73424658,56,1,1,1,1,2,0
0,16.70136986,71,0,1,1,1,2,3
0,16.83287671,47,0,1,1,1,3,3
1,2.104109589,52,1,0,1,1,3,3
0,16.76712329,37,1,0,1,1,3,2
0,16.63561644,65,0,1,1,1,2,0
0,16.70136986,61,0,1,1,1,2,1
0,16.43835616,60,0,0,1,1,2,2
1,1.282191781,93,1,0,1,1,2,4
1,2.498630137,67,1,1,1,1,2,4
0,16.40547945,60,1,0,1,1,3,1
0,16.43835616,56,1,1,1,1,2,2
1,14.16986301,76,1,0,1,1,2,0
0,16.33972603,55,0,1,1,1,3,4
0,16.47123288,64,1,1,1,1,2,3
1,0.065753425,77,0,0,1,1,3,4
0,16.30684932,72,1,0,1,1,2,1
0,16.30684932,70,0,0,1,1,2,5
1,3.090410959,81,1,0,1,1,3,5
0,16.17534247,64,1,1,1,1,3,4
0,16.63561644,32,1,1,1,2,3,5
0,16.14246575,69,1,0,1,1,3,5
1,15.74794521,73,1,1,1,1,2,2
0,16.0109589,72,1,1,1,1,2,2
0,16.04383562,69,1,1,1,1,2,1
0,16.07671233,91,0,0,1,2,3,5
1,15.94520548,69,1,0,1,1,2,2
0,15.97808219,68,0,1,1,1,3,1
0,15.87945205,64,0,1,1,1,2,1
1,0.953424658,52,1,0,1,1,2,4
0,15.91232877,64,1,0,1,1,2,3
0,16.0109589,38,1,1,1,2,3,4
0,15.97808219,62,1,0,1,2,5,5
0,15.64931507,72,1,0,1,1,3,4
0,15.55068493,50,1,1,1,1,2,1
0,15.51780822,63,0,0,1,1,2,1
0,15.55068493,72,1,0,1,1,3,4
0,15.68219178,68,0,1,1,1,2,4
0,15.84657534,72,1,0,1,1,3,5
0,15.45205479,72,1,1,1,1,2,0
0,15.28767123,64,1,0,1,1,2,1
0,15.45205479,84,1,0,1,1,2,3
0,15.35342466,53,0,1,1,1,3,4
0,15.32054795,65,0,1,1,1,4,4
1,4.931506849,78,0,1,1,1,3,4
1,12.65753425,84,0,1,1,1,2,6
0,15.28767123,76,1,0,1,1,3,4
0,15.05753425,76,1,1,1,1,2,1
0,15.05753425,47,1,0,1,1,2,4
1,6.739726027,75,1,0,1,1,4,5
1,4.898630137,53,1,0,1,2,5,6
0,15.09041096,47,1,1,1,1,3,5
0,14.99178082,66,1,0,1,1,2,2
0,14.9260274,76,0,0,1,1,2,3
1,0.098630137,62,0,1,1,2,4,6
0,14.82739726,71,1,0,1,1,2,1
0,14.89315068,63,0,1,1,1,3,5
0,14.69589041,63,1,0,1,1,3,2
0,14.69589041,46,0,0,1,1,3,3
0,17.78630137,75,0,0,1,1,2,1
0,14.43287671,45,1,1,1,1,2,2
0,14.49863014,70,1,0,1,2,3,4
0,14.6630137,60,1,0,1,1,3,4
0,14.26849315,72,1,0,1,1,2,1
0,14.20273973,51,0,0,1,1,2,0
1,7.62739726,84,0,0,1,1,2,3
0,30.01643836,73,1,1,1,1,3,4
0,29.95068493,73,1,0,1,1,2,2
0,30.50958904,69,1,0,1,1,2,1
1,22.52054795,84,1,0,1,2,3,3
0,29.91780822,85,1,0,1,1,2,5
1,0.032876712,75,0,1,1,2,5,5
1,25.97260274,79,1,0,1,1,3,2
1,1.282191781,71,0,1,1,3,5,4
0,29.52328767,72,0,0,1,1,2,0
0,29.52328767,64,0,1,1,1,3,4
0,29.55616438,63,1,0,1,1,2,1
1,24.7890411,84,1,0,1,1,3,5
0,29.3260274,44,1,1,1,1,2,1
1,1.084931507,75,1,1,1,1,3,5
0,29.3260274,67,1,0,1,1,3,3
0,29.29315068,66,1,1,1,2,2,2
0,29.26027397,34,1,1,1,1,2,1
1,20.84383562,60,1,1,1,3,4,6
0,29.52328767,74,0,1,1,1,3,4
0,29.65479452,90,1,0,1,1,4,4
1,11.70410959,98,0,1,1,1,3,5
1,4.306849315,80,1,0,1,3,5,6
1,26.56438356,64,1,0,1,1,2,1
0,29.52328767,59,1,0,1,1,3,3
0,29.0630137,63,1,1,1,1,3,2
1,27.22191781,64,1,1,1,1,2,2
1,5.35890411,80,0,0,1,2,3,4
0,28.96438356,66,1,0,1,1,2,2
0,28.86575342,54,1,0,1,1,3,4
0,28.89863014,66,1,1,1,1,2,3
0,28.83287671,52,1,0,1,1,2,2
0,28.86575342,80,0,0,1,1,2,3
0,28.83287671,74,1,0,1,1,2,1
1,12.7890411,60,0,1,1,1,2,2
1,14.49863014,56,1,0,1,2,3,4
0,28.66849315,39,1,1,1,1,4,4
1,1.282191781,75,1,0,1,2,3,4
0,28.40547945,85,1,1,1,1,2,3
0,28.47123288,66,1,1,1,1,3,2
0,28.40547945,78,0,0,1,1,2,3
0,28.24109589,50,1,1,1,1,3,3
0,28.37260274,47,1,1,1,1,3,1
1,7.923287671,50,1,1,1,2,3,2
0,28.20821918,74,1,0,1,1,3,3
1,24.16438356,66,0,1,1,1,3,4
1,0.131506849,39,0,1,1,3,5,6
0,42.01643836,56,1,1,1,1,2,4
0,41.98356164,62,1,1,1,1,2,2
1,39.61643836,85,1,1,1,1,3,4
0,41.95068493,72,1,1,1,1,2,1
0,41.95068493,58,1,0,1,1,3,2
0,42.18082192,86,1,1,1,3,1,1
0,41.75342466,71,1,0,1,1,2,1
0,41.91780822,49,1,0,1,1,2,1
0,41.62191781,49,1,0,1,1,2,2
0,41.62191781,59,0,1,1,1,2,2
0,41.55616438,68,0,1,1,2,3,3
1,28.07671233,67,0,1,1,1,2,3
1,14.46575342,62,1,1,1,1,2,2
1,2.235616438,93,0,0,1,2,3,5
1,5.589041096,64,1,1,1,2,3,4
1,28.63561644,61,1,1,1,2,3,6
0,41.5890411,57,1,1,1,1,3,3
1,36.62465753,79,1,1,1,3,4,6
0,41.35890411,73,1,1,1,1,3,2
1,14.79452055,62,1,0,1,2,3,6
0,41.55616438,65,0,1,1,1,2,1
1,23.4739726,73,1,1,1,1,3,5
0,41.3260274,58,0,1,1,1,2,2
1,0.065753425,69,0,1,1,2,5,5
0,41.3260274,47,1,1,1,2,3,4
0,41.35890411,63,0,1,1,1,3,4
0,41.19452055,52,1,0,1,2,3,4
0,41.19452055,40,0,0,1,2,3,4
0,40.99726027,32,1,0,1,2,3,5
1,16.14246575,51,0,1,1,3,1,6
0,40.93150685,48,0,1,1,1,2,4
1,5.128767123,63,0,0,1,1,2,6
1,0.657534247,80,1,0,1,1,3,3
0,40.86575342,53,0,0,1,1,3,1
1,13.90684932,57,0,1,1,1,3,6
0,40.8,46,1,0,1,1,3,4
0,40.76712329,62,0,0,1,1,1,1
1,33.3369863,58,0,1,1,1,3,4
1,1.939726027,76,1,0,1,1,3,3
0,40.70136986,72,1,0,1,1,1,3
0,40.56986301,63,0,1,1,1,3,2
0,40.60273973,42,1,0,1,1,2,2
1,39.41917808,57,1,1,1,1,3,2
1,38.76164384,55,0,0,1,1,4,4
0,40.37260274,44,0,1,1,1,2,2
0,40.24109589,48,1,0,1,1,2,2
1,36.19726027,63,1,0,1,1,2,5
1,1.282191781,91,1,1,1,2,3,3
0,40.14246575,68,0,1,1,1,3,5
0,40.30684932,75,1,0,1,1,2,1
0,40.24109589,69,1,1,1,1,3,4
0,40.20821918,92,0,0,1,1,3,5
0,40.37260274,77,0,1,1,1,2,1
0,40.0109589,74,0,1,1,1,3,6
0,40.04383562,59,0,1,1,3,1,6
1,6.016438356,73,1,1,1,1,1,6
0,40.04383562,66,1,1,1,1,3,4
0,39.94520548,65,1,1,1,1,3,3
0,40.0109589,70,0,1,1,3,3,6
0,40.07671233,63,0,1,1,2,3,5
0,39.91232877,72,0,1,1,1,1,6
0,39.94520548,65,0,1,1,1,2,0
0,39.94520548,56,1,1,1,1,3,2
0,39.78082192,56,1,0,1,1,2,1
0,39.84657534,55,1,1,1,1,1,6
0,39.64931507,52,0,1,1,2,3,4
0,39.74794521,55,0,1,1,1,2,2
1,28.66849315,73,1,1,1,3,4,6
0,22.15890411,56,1,1,1,1,3,3
0,10.48767123,43,1,0,2,2,3,3
0,10.52054795,74,1,0,1,1,2,3
0,22.15890411,52,1,0,2,2,4,5
0,10.48767123,47,0,0,1,1,1,2
0,10.48767123,68,1,1,1,1,1,1
0,10.52054795,55,1,0,1,1,2,3
0,10.52054795,42,1,0,1,1,1,2
0,14.20273973,43,0,0,2,1,3,4
0,8.153424658,62,0,0,1,1,2,2
0,14.53150685,63,0,1,1,1,2,1
0,14.16986301,62,0,1,1,1,2,4
0,10.52054795,67,0,0,1,1,3,3
0,38.10410959,58,0,0,1,1,2,3
1,0.690410959,81,1,0,1,2,4,5
0,30.64109589,63,0,1,1,2,1,4
0,33.63287671,62,1,0,1,1,2,2
0,41.03013699,70,1,0,2,1,3,4
0,41.3260274,55,1,0,1,1,3,2
0,41.09589041,64,0,1,1,1,2,3
1,31.06849315,74,0,1,1,1,1,3
0,34.42191781,72,1,1,1,1,2,3
1,17.55616438,89,0,0,1,2,5,5
1,0.624657534,65,0,1,1,2,3,3
1,34.25753425,88,0,0,1,1,2,3
0,34.94794521,71,1,0,1,2,3,3
0,30.87123288,53,0,0,1,1,3,3
1,0.821917808,61,1,1,1,2,3,3
1,0.164383562,70,1,0,1,2,5,4
1,7.890410959,69,0,1,1,1,3,3
0,40.37260274,63,1,0,1,1,3,5
1,0.295890411,73,0,1,1,2,5,4
1,0.065753425,48,1,0,1,1,2,4
1,23.60547945,76,1,1,1,3,3,1
1,13.80821918,68,1,1,1,1,3,4
0,37.15068493,43,1,0,1,1,3,3
0,39.78082192,60,1,0,1,1,3,4
0,38.53150685,52,1,1,1,1,2,1
0,38.03835616,66,0,0,1,1,3,4
1,0.361643836,79,0,0,1,2,5,5
1,1.906849315,61,1,1,1,1,2,1
0,34.42191781,64,1,1,1,1,1,3
1,0.065753425,78,1,0,2,3,5,6
0,9.336986301,39,0,0,2,1,4,4
0,9.336986301,37,1,0,1,1,3,4
1,2.268493151,35,0,1,1,1,3,5
0,9.369863014,32,1,0,1,1,3,4
0,9.632876712,61,0,1,1,1,3,4
0,9.731506849,57,1,1,1,1,2,2
1,3.780821918,50,0,0,1,1,3,4
0,6.706849315,63,1,0,2,1,2,2
0,9.830136986,75,1,0,1,1,2,4
1,8.712328767,63,0,1,1,1,3,4
0,9.863013699,62,0,1,2,1,1,4
0,9.797260274,60,1,0,1,1,3,4
0,9.04109589,47,1,1,1,1,2,4
0,9.797260274,56,0,1,1,1,2,3
0,46.68493151,60,0,0,1,1,2,1
0,48,47,0,0,1,1,3,2
0,48.82191781,63,1,0,1,2,5,4
1,0.887671233,35,1,0,1,2,4,4
1,0.460273973,57,1,0,1,1,5,3
0,48.55890411,34,1,0,1,1,5,4
1,0.723287671,64,1,1,1,1,3,3
1,1.939726027,61,0,1,1,2,5,1
1,8.61369863,81,0,0,1,2,5,4
0,46.65205479,43,0,1,1,1,3,3
1,2.498630137,59,0,1,1,1,4,5
1,0.493150685,76,0,1,1,2,5,4
0,46.1260274,70,1,0,1,2,3,4
0,48.42739726,61,0,1,1,1,3,5
1,4.964383562,73,1,1,1,1,3,3
0,43.26575342,70,0,1,1,1,3,3
1,1.249315068,68,1,0,1,1,5,4
1,0.230136986,79,0,0,1,2,5,3
0,53.65479452,32,1,0,1,1,3,3
0,53.78630137,59,1,0,1,1,2,1
0,15.45205479,42,1,0,1,1,3,4
0,53.52328767,72,0,0,1,1,3,2
1,22.84931507,67,0,1,1,2,3,3
0,46.29041096,52,1,1,1,1,4,5
0,46.52054795,59,0,0,1,1,3,4
1,19.00273973,82,1,0,1,1,4,5
0,30.44383562,44,1,0,2,2,1,2
1,0.361643836,64,1,1,1,1,3,6
0,30.21369863,42,1,0,2,2,3,4
1,0.131506849,29,0,1,2,1,3,6
1,0.624657534,56,1,1,1,3,5,6
1,0.032876712,70,0,1,1,1,5,6
1,0.657534247,47,1,0,2,3,5,6
1,0.789041096,74,1,1,1,2,5,5
1,0.263013699,75,1,0,2,2,5,5
1,3.057534247,86,0,0,2,2,5,5
0,16.2739726,80,1,0,1,1,2,4
1,7.726027397,71,0,1,2,2,5,5
0,7.660273973,85,0,0,1,1,2,2
0,15.61643836,54,0,0,2,3,4,5
1,2.695890411,62,0,1,1,1,3,4
0,15.35342466,53,1,0,1,1,3,3
0,15.32054795,63,1,1,1,1,2,1
0,8.778082192,59,1,0,1,1,3,4
0,8.843835616,63,0,1,1,1,3,3
0,6.575342466,71,0,0,1,1,3,3
0,7.660273973,54,0,1,1,1,2,3
0,15.78082192,56,1,1,1,2,5,4
0,16.2739726,63,0,0,1,1,3,2
0,16.04383562,27,0,0,1,1,2,4
0,16.14246575,32,0,0,1,1,2,2
0,15.58356164,42,1,1,1,1,2,3
0,15.84657534,41,1,0,1,2,5,4
0,15.55068493,56,0,1,1,1,2,2
0,31.16712329,65,1,0,2,1,3,3
1,0.131506849,79,0,0,1,1,5,6
0,31.4630137,55,1,0,2,1,4,3
0,30.11506849,74,0,0,2,1,2,3
1,21.92876712,66,0,1,1,1,1,2
0,38.79452055,64,1,1,1,1,1,1
1,0.032876712,45,0,0,1,1,3,6
1,0.065753425,59,0,1,1,1,3,6
0,31.69315068,52,0,1,2,2,3,4
0,31.79178082,52,1,0,1,1,1,4
0,31.79178082,58,1,1,1,1,1,2
0,33.27123288,55,0,1,1,1,1,2
1,25.28219178,49,0,1,1,1,3,3
1,33.89589041,80,0,1,1,1,3,4
0,30.34520548,66,1,0,1,1,2,1
0,30.70684932,58,0,0,1,1,3,2
0,30.9369863,46,1,0,1,1,3,3
0,48.62465753,58,1,0,1,1,2,3
0,48.2630137,72,1,0,1,1,2,2
1,0.953424658,59,1,0,1,2,5,4
0,48.85479452,60,0,0,1,1,2,2
1,19.29863014,41,0,1,1,1,3,3
1,20.05479452,63,1,1,1,2,3,3
0,40.10958904,72,1,1,1,1,2,3
0,38.6630137,41,1,0,2,1,3,3
1,32.02191781,72,0,0,2,2,5,3
0,38.63013699,44,1,0,2,1,5,2
0,35.83561644,61,0,0,1,1,3,4
0,39.41917808,57,1,0,1,1,3,3
1,0.131506849,66,0,1,2,3,4,6
1,3.38630137,72,1,1,1,1,5,3
0,46.09315068,71,1,0,1,1,3,0
1,10.91506849,64,1,1,1,1,3,3
0,53.03013699,45,0,0,1,1,2,1
1,6.64109589,74,1,0,1,1,3,2
1,0.394520548,54,0,1,1,1,4,6
1,5.983561644,89,1,0,1,2,5,4
1,0.197260274,73,0,0,1,2,5,6
0,41.55616438,72,0,1,1,1,3,3
1,36.95342466,63,1,1,1,1,2,3
0,41.75342466,47,1,0,1,1,2,3
0,41.68767123,51,1,0,1,1,3,1
0,50.9260274,52,1,1,1,1,2,3
0,53.91780822,65,0,1,1,1,3,5
0,53.88493151,77,1,0,1,1,2,1
1,1.282191781,84,0,0,1,2,5,5
0,53.78630137,63,0,1,1,1,2,2
1,44.41643836,56,0,1,1,1,2,2
0,39.41917808,58,0,0,1,1,3,2
1,20.71232877,82,0,0,1,1,5,2
1,24.59178082,52,0,1,1,1,3,4
1,13.41369863,46,1,0,1,1,2,3
0,30.83835616,69,1,1,1,1,2,2
1,13.28219178,75,1,0,1,1,3,5
0,30.60821918,52,0,0,1,1,3,2
0,30.54246575,50,0,0,1,1,2,2
0,49.41369863,67,1,0,1,1,3,3
1,27.38630137,56,0,1,1,1,2,1
1,44.44931507,74,0,0,1,1,3,4
1,0.821917808,73,0,0,1,2,5,4
0,30.64109589,68,1,0,1,1,2,1
0,30.21369863,55,0,0,1,1,4,4
1,26.89315068,68,1,0,1,2,2,3
1,17.85205479,56,0,0,1,1,4,3
0,30.50958904,57,1,0,1,1,3,4
0,14.69589041,75,1,0,1,2,5,5
1,0.263013699,68,1,0,1,2,5,5
0,14.76164384,74,0,0,2,1,1,4
0,7.495890411,43,0,1,1,1,2,3
0,6.575342466,58,1,0,1,1,2,3
1,0.098630137,57,1,0,1,1,4,6
0,14.30136986,58,1,0,1,1,2,1
1,2.465753425,57,1,1,2,3,4,5
0,14.00547945,44,1,0,1,2,4,2
1,0.230136986,46,1,0,2,2,5,6
0,6.279452055,47,1,0,1,1,2,3
0,9.008219178,53,1,0,1,1,2,3
1,4.010958904,80,0,0,1,1,2,3
0,16.30684932,68,1,0,1,2,4,5
1,0.197260274,62,0,1,1,1,3,6
1,6.805479452,77,0,0,1,1,5,5
0,14.36712329,52,1,1,1,2,5,5
0,14.36712329,67,0,1,1,1,3,5
0,15.55068493,59,1,0,1,1,3,3
1,0.098630137,58,0,1,1,1,2,6
0,15.78082192,66,1,0,1,1,3,3
0,16.04383562,53,1,0,1,1,2,2
0,16.30684932,62,0,0,1,1,3,4
0,15.45205479,56,0,1,1,1,2,3
1,3.978082192,76,0,1,1,1,2,4
0,17.52328767,61,0,1,1,1,3,3
0,17.29315068,78,1,1,1,2,4,5
0,17.03013699,43,1,1,1,1,2,1
1,0.263013699,74,0,1,1,2,5,5
0,17.39178082,52,1,1,1,1,2,2
0,17.42465753,69,1,0,1,1,4,4
1,0.230136986,82,0,1,1,2,5,6
0,17.78630137,53,1,0,1,2,3,4
0,17.72054795,70,0,0,1,1,2,1
0,17.49041096,54,1,1,1,1,3,2
0,17.09589041,74,1,0,1,1,2,1
0,17.72054795,47,1,1,1,1,2,1
1,0.55890411,54,0,0,2,2,5,4
0,17.35890411,49,0,0,1,1,2,1
0,17.03013699,64,1,0,1,1,2,0
1,0.197260274,74,0,1,1,3,5,6
0,16.86575342,82,0,0,1,1,2,1
0,16.83287671,74,0,1,1,1,2,3
1,6.180821918,83,0,1,1,1,3,4
0,16.73424658,59,0,1,1,1,2,2
0,10.91506849,41,1,0,1,1,2,1
0,16.43835616,74,0,1,1,1,2,4
0,16.43835616,43,0,1,1,1,2,0
1,0.328767123,70,0,1,1,1,3,4
1,0.624657534,36,1,0,2,3,5,6
0,16.30684932,56,1,1,1,1,2,1
0,16.2739726,90,0,0,1,1,2,2
0,16.17534247,60,1,0,1,1,2,0
0,16.56986301,78,1,0,1,1,3,2
0,16.47123288,45,1,1,1,1,3,2
0,16.14246575,53,1,0,2,1,3,4
1,0.164383562,81,1,1,2,3,4,6
0,16.24109589,79,1,1,1,2,4,4
0,16.14246575,59,1,0,1,1,3,4
0,16.0109589,45,0,0,1,1,2,1
0,16.37260274,64,0,1,1,1,2,1
0,16.70136986,75,1,0,1,1,2,1
0,16.17534247,51,1,1,1,2,5,5
0,15.97808219,48,0,0,2,1,3,4
0,15.87945205,37,1,0,2,3,5,5
0,15.84657534,75,0,0,1,1,3,0
1,7.002739726,75,0,1,1,1,4,5
0,15.84657534,58,1,0,1,1,3,3
1,5.030136986,67,1,0,1,2,3,5
0,15.87945205,50,1,1,1,1,3,5
0,15.91232877,62,0,1,1,1,2,3
0,15.97808219,62,0,0,1,1,2,3
0,15.74794521,69,0,0,1,1,3,4
0,15.68219178,68,0,0,2,3,4,5
1,1.578082192,79,1,1,1,1,3,5
1,12.16438356,79,0,0,1,1,3,3
1,0.887671233,75,1,0,1,1,3,1
1,2.728767123,76,0,0,1,1,5,5
0,15.45205479,54,0,1,1,1,2,3
1,13.38082192,63,1,1,1,1,4,5
0,15.41917808,70,1,0,2,1,2,2
0,15.32054795,79,0,0,1,1,2,0
0,15.22191781,64,1,0,1,1,3,4
0,15.1890411,70,0,0,1,1,2,2
0,15.22191781,41,1,0,1,1,2,1
0,15.15616438,61,1,0,1,2,3,1
1,0.361643836,75,1,1,1,2,3,6
0,15.15616438,43,1,0,1,1,2,0
0,15.12328767,70,1,0,1,1,2,0
0,15.81369863,57,1,0,1,1,2,3
0,14.95890411,66,1,0,1,1,2,0
0,14.95890411,57,1,1,1,1,2,1
0,14.89315068,64,0,0,1,1,3,5
1,0.131506849,91,0,0,1,3,5,5
0,14.69589041,55,1,1,1,1,2,0
0,14.63013699,67,0,0,1,1,2,0
0,14.6630137,54,0,1,1,1,3,0
0,14.56438356,67,1,1,1,1,2,3
0,14.59726027,62,1,1,1,1,2,0
1,0.624657534,51,1,0,1,1,2,1
0,14.49863014,64,0,0,1,1,5,4
0,14.49863014,64,0,0,1,1,2,4
0,14.49863014,59,1,1,1,1,3,1
0,14.46575342,40,0,0,1,1,2,4
0,14.56438356,76,1,1,1,2,3,5
0,14.36712329,67,0,0,1,1,3,4
1,9.205479452,27,1,0,2,2,4,5
0,14.26849315,63,0,0,1,1,3,4
0,14.26849315,64,1,1,1,1,2,1
0,14.00547945,75,0,0,1,1,2,4
0,13.6109589,72,0,0,1,1,4,1
0,13.18356164,43,0,1,1,1,2,0
0,13.97260274,67,0,1,1,1,3,3
0,13.57808219,66,1,0,1,1,2,1
1,0.295890411,74,0,1,1,2,4,6
0,13.90684932,82,1,0,1,1,2,3
0,14.00547945,83,0,1,1,1,3,3
0,14.03835616,61,1,1,1,2,3,2
1,3.057534247,68,0,1,1,1,3,2
0,13.8739726,39,0,1,1,1,2,2
0,14.4,67,1,1,1,1,2,1
0,14.07123288,82,1,0,1,1,2,1
0,14.1369863,39,1,1,1,1,3,1
0,14.03835616,73,0,0,1,1,3,1
1,11.14520548,45,1,0,1,1,3,4
0,13.97260274,63,0,0,1,1,2,1
0,13.57808219,71,1,0,1,1,3,1
0,13.67671233,64,1,1,1,1,3,5
0,12.7890411,81,1,1,1,1,2,1
1,0.493150685,71,1,1,1,1,2,1
0,13.44657534,69,0,1,1,1,3,4
0,12.5260274,76,1,1,1,1,3,2
0,12.32876712,62,0,1,1,1,2,2
0,12.72328767,55,0,1,1,1,3,4
1,0.131506849,77,0,0,1,1,2,6
0,12.13150685,67,0,0,1,1,2,1
1,0.032876712,73,1,0,1,2,5,6
0,12.49315068,46,0,0,1,1,2,1
0,13.21643836,51,0,1,1,1,2,0
1,0.295890411,97,0,0,1,2,3,5
0,13.18356164,46,1,0,1,1,3,1
0,12.49315068,80,0,0,1,1,2,0
0,12.09863014,60,1,1,1,1,2,1
0,12.92054795,75,1,1,1,1,2,1
0,12.19726027,56,1,1,1,1,2,1
0,12.55890411,47,1,1,1,1,2,3
1,10.98082192,60,1,1,1,1,2,1
0,13.11780822,61,1,0,1,1,3,1
1,0.065753425,73,0,1,1,2,5,5
0,12.06575342,67,1,1,1,1,3,4
0,13.41369863,79,0,0,1,2,5,4
0,12.72328767,41,1,1,1,1,3,4
0,13.44657534,54,1,0,1,1,2,1
0,13.21643836,49,1,0,1,1,3,1
0,13.18356164,51,0,1,1,1,2,1
0,12.88767123,76,1,1,1,1,3,3
0,12.65753425,64,1,1,1,2,3,3
0,12.69041096,67,1,1,1,1,3,3
0,11.96712329,59,1,1,1,1,3,1
0,11.96712329,45,1,0,1,1,2,0
0,11.90136986,76,0,1,1,1,3,4
0,11.76986301,70,0,1,1,1,2,0
0,11.76986301,70,1,1,1,1,2,1
0,11.83561644,60,0,1,1,2,3,0
0,11.50684932,53,1,1,1,1,2,1
0,11.53972603,39,1,1,1,1,4,4
0,11.2109589,66,1,0,1,1,3,2
0,11.11232877,67,1,1,1,1,4,4
0,11.14520548,61,0,0,1,1,3,4
1,0.032876712,74,0,1,1,1,3,6
0,11.04657534,67,0,1,1,1,2,1
0,11.14520548,48,1,0,1,1,2,1
0,11.86849315,53,1,0,2,1,3,1
0,11.76986301,60,1,0,1,1,2,1
0,11.67123288,64,0,0,1,1,2,4
0,11.57260274,75,0,0,1,1,3,4
0,11.53972603,59,0,0,1,2,3,0
0,11.4739726,69,1,1,1,1,2,1
0,10.91506849,72,0,1,1,1,5,4
0,10.91506849,62,1,0,1,2,5,5
0,10.91506849,58,1,1,1,1,2,2
0,10.81643836,61,0,1,1,2,5,5
0,10.65205479,69,0,1,1,2,4,3
0,10.65205479,56,0,0,1,1,2,1
0,10.58630137,62,1,1,1,1,2,2
0,10.48767123,64,1,0,1,1,3,4
0,10.55342466,58,1,0,1,1,2,1
0,10.55342466,61,1,1,1,1,3,4
0,10.3890411,67,1,1,1,1,2,3
0,10.42191781,61,0,0,1,1,3,1
0,10.42191781,65,1,1,1,1,3,4
0,10.25753425,64,1,0,1,1,2,4
0,10.29041096,62,1,0,1,1,2,2
0,10.19178082,38,1,0,1,1,3,1
0,10.19178082,56,1,1,1,1,2,2
0,10.06027397,64,0,0,1,1,3,4
1,6.805479452,79,0,0,1,1,3,4
0,10.42191781,64,0,1,2,1,3,4
0,9.764383562,56,0,1,2,2,5,5
0,9.6,83,0,0,1,1,3,3
1,6.115068493,72,0,0,1,1,2,0
0,9.435616438,62,0,0,1,1,3,3
1,6.147945205,74,0,0,1,1,4,5
0,9.435616438,75,0,0,1,1,2,2
1,8.942465753,71,1,1,1,1,3,2
0,9.369863014,72,0,1,1,1,3,4
0,9.369863014,31,1,0,1,1,2,2
0,9.304109589,60,1,1,1,1,2,2
0,9.238356164,82,1,0,1,1,3,3
0,9.205479452,57,0,0,1,1,3,2
1,3.189041096,76,0,1,1,1,3,4
0,9.139726027,76,1,1,1,1,2,2
1,1.019178082,72,1,0,1,1,3,2
0,9.04109589,74,0,1,1,1,3,4
0,9.008219178,55,0,0,1,2,2,1
0,8.975342466,48,1,0,1,1,2,1
1,0.756164384,88,0,0,1,2,5,5
0,8.975342466,76,1,0,1,1,2,1
1,1.183561644,81,1,1,1,2,3,5
0,9.008219178,58,1,1,1,1,2,2
0,8.942465753,79,1,1,1,1,5,4
0,8.942465753,74,1,0,1,1,2,1
0,8.745205479,67,1,1,1,1,2,2
0,8.679452055,47,1,1,1,1,2,1
0,8.580821918,67,1,1,1,1,2,1
0,8.580821918,68,1,0,1,1,3,4
0,8.515068493,53,0,0,1,1,3,3
0,8.383561644,88,0,0,1,1,3,5
0,8.252054795,56,0,0,2,1,2,3